Year basis (years),NPV (GBP),IRR,ROI,Payback period (years)
5,-24596.745334583553,0.07186026594416584,-0.07102523244532452,5.507574665260324
