Year basis (years),NPV (GBP),IRR,ROI,Payback period (years)
5,-386.7352936443921,0.09956379991880948,-0.0011167316550325557,5.007428018029166
